{
  "active": [
    {
      "id": 1760832225,
      "sender": 6946903915,
      "jenis": "A",
      "amount": 5,
      "slot": 1,
      "claimed": [],
      "created_at": 1760832225.5927236,
      "winner": null,
      "attempts": [
        6389981192,
        2066716157,
        6571483292,
        1330957309,
        6769845093,
        6814360718,
        5718091826,
        7685814466,
        6789290524,
        5109461945,
        8302486210
      ]
    },
    {
      "id": 1760886607,
      "sender": 7341241548,
      "jenis": "A",
      "amount": 5,
      "slot": 1,
      "claimed": [],
      "created_at": 1760886607.858187,
      "winner": null,
      "attempts": [
        5865394235,
        1330957309,
        1105031314,
        7924900171,
        7341241548,
        5258093045,
        6225349065,
        6936490199
      ]
    }
  ]
}